시간,시가,고가,저가,종가,거래량,거래대금
"06/18,13:14","42,450","42,500","42,450","42,450",469,"19,910,750"
"06/18,13:13","42,450","42,500","42,450","42,450","1,349","57,265,750"
"06/18,13:12","42,500","42,500","42,400","42,450","1,665","70,692,300"
"06/18,13:11","42,550","42,600","42,450","42,500","1,910","81,222,700"
"06/18,13:10","42,550","42,600","42,500","42,550",983,"41,819,500"
"06/18,13:09","42,550","42,550","42,500","42,550",562,"23,902,800"
"06/18,13:08","42,500","42,550","42,500","42,550",822,"34,946,750"
"06/18,13:07","42,650","42,650","42,500","42,500",842,"35,856,650"
"06/18,13:06","42,550","42,650","42,500","42,600",569,"24,228,750"
"06/18,13:05","42,550","42,600","42,550","42,600","1,061","45,180,750"
"06/18,13:04","42,550","42,600","42,550","42,550",912,"38,826,050"
"06/18,13:03","42,500","42,600","42,450","42,550","1,317","56,017,500"
"06/18,13:02","42,500","42,550","42,450","42,500",767,"32,592,150"
"06/18,13:01","42,500","42,550","42,400","42,500",748,"31,765,050"
"06/18,13:00","42,350","42,500","42,300","42,500","1,553","65,800,200"
"06/18,12:59","42,500","42,500","42,300","42,350","5,952","252,130,550"
"06/18,12:58","42,550","42,600","42,400","42,500","4,866","206,690,100"
"06/18,12:57","42,600","42,600","42,500","42,550","2,840","120,780,700"
"06/18,12:56","42,750","42,750","42,550","42,600","2,581","110,026,650"
"06/18,12:55","42,800","42,800","42,750","42,800",806,"34,468,400"
"06/18,12:54","42,700","42,800","42,700","42,800",531,"22,695,700"
"06/18,12:53","42,850","42,850","42,700","42,750",813,"34,788,900"
"06/18,12:52","42,900","42,950","42,850","42,850","1,403","60,199,850"
"06/18,12:51","42,950","42,950","42,800","42,900",696,"29,855,050"
"06/18,12:50","43,000","43,000","42,800","42,950","2,379","102,077,550"
"06/18,12:49","42,750","43,050","42,750","43,000","4,664","200,234,450"
"06/18,12:48","42,750","42,750","42,700","42,750",261,"11,146,950"
"06/18,12:47","42,650","42,750","42,650","42,750",544,"23,225,150"
"06/18,12:46","42,650","42,700","42,600","42,600",668,"28,480,750"
"06/18,12:45","42,750","42,800","42,650","42,650","1,054","45,038,750"
"06/18,12:44","42,750","42,750","42,650","42,750",294,"12,550,400"
"06/18,12:43","42,650","42,800","42,550","42,650","1,241","52,845,600"
"06/18,12:42","42,600","42,700","42,550","42,600",766,"32,658,500"
"06/18,12:41","42,550","42,650","42,550","42,600","1,292","54,998,150"
"06/18,12:40","42,550","42,600","42,500","42,550","1,090","46,377,850"
"06/18,12:39","42,500","42,600","42,500","42,550",969,"41,203,950"
"06/18,12:38","42,550","42,600","42,450","42,500","4,370","185,637,550"
"06/18,12:37","42,600","42,650","42,500","42,600",847,"36,055,350"
"06/18,12:36","42,550","42,650","42,500","42,500","1,292","54,971,700"
"06/18,12:35","42,600","42,650","42,550","42,550","1,725","73,442,350"
"06/18,12:34","42,650","42,650","42,500","42,600","2,338","99,535,100"
"06/18,12:33","42,750","42,800","42,650","42,650","1,564","66,822,950"
"06/18,12:32","42,800","42,800","42,750","42,800","1,340","57,321,650"
"06/18,12:31","42,850","42,900","42,750","42,750",948,"40,584,300"
"06/18,12:30","42,800","42,800","42,750","42,800",866,"37,043,900"
"06/18,12:29","43,050","43,050","42,800","42,800","3,025","129,822,250"
"06/18,12:28","42,900","43,050","42,850","43,000","3,880","166,627,000"
"06/18,12:27","42,800","42,900","42,750","42,900","2,382","102,089,950"
"06/18,12:26","42,650","42,800","42,650","42,800","2,106","89,961,900"
"06/18,12:25","42,550","42,700","42,550","42,650","1,041","44,347,150"
"06/18,12:24","42,500","42,650","42,500","42,550",705,"29,997,050"
"06/18,12:23","42,400","42,550","42,350","42,550","3,496","148,385,550"
"06/18,12:22","42,500","42,500","42,350","42,400","3,741","158,716,550"
"06/18,12:21","42,750","42,750","42,500","42,500","3,189","135,747,800"
"06/18,12:20","42,500","42,750","42,450","42,700","3,158","134,696,950"
"06/18,12:19","42,450","42,550","42,400","42,500","3,600","152,879,150"
"06/18,12:18","42,500","42,550","42,250","42,350","12,588","532,855,700"
"06/18,12:17","42,600","42,600","42,500","42,500","6,508","276,772,450"
"06/18,12:16","42,650","42,700","42,600","42,600","2,414","102,908,900"
"06/18,12:15","42,700","42,700","42,550","42,700","5,119","218,018,950"
"06/18,12:14","42,650","42,750","42,650","42,700","2,331","99,482,450"
"06/18,12:13","42,700","42,850","42,500","42,700","12,281","523,137,200"
"06/18,12:12","42,800","42,850","42,650","42,650","8,691","371,252,850"
"06/18,12:11","43,050","43,050","42,800","42,800","7,543","323,420,150"
"06/18,12:10","43,050","43,050","43,000","43,050",915,"39,352,050"
"06/18,12:09","43,050","43,100","43,000","43,050",741,"31,891,300"
"06/18,12:08","43,200","43,200","43,050","43,050","1,341","57,769,550"
"06/18,12:07","43,250","43,250","43,150","43,200",979,"42,264,100"
"06/18,12:06","43,150","43,250","43,150","43,250",764,"33,011,300"
"06/18,12:05","43,150","43,200","43,100","43,150",756,"32,630,050"
"06/18,12:04","43,100","43,200","43,100","43,150",492,"21,229,100"
"06/18,12:03","43,000","43,150","43,000","43,100","1,256","54,072,450"
"06/18,12:02","42,950","43,050","42,950","43,050","1,444","62,081,350"
"06/18,12:01","42,950","43,050","42,950","42,950","4,108","176,503,700"
"06/18,12:00","43,100","43,100","43,000","43,000","9,054","389,393,150"
"06/18,11:59","43,100","43,100","43,050","43,050","1,858","79,994,400"
"06/18,11:58","43,150","43,150","43,100","43,100","2,845","122,647,450"
"06/18,11:57","43,150","43,300","43,150","43,150","1,030","44,477,800"
"06/18,11:56","43,200","43,250","43,150","43,150","1,400","60,428,400"
"06/18,11:55","43,200","43,200","43,150","43,150","1,773","76,556,050"
"06/18,11:54","43,200","43,300","43,200","43,200",555,"23,994,300"
"06/18,11:53","43,250","43,300","43,200","43,300",669,"28,929,450"
"06/18,11:52","43,350","43,350","43,250","43,250",819,"35,449,100"
"06/18,11:51","43,400","43,400","43,300","43,350",595,"25,793,350"
"06/18,11:50","43,400","43,450","43,350","43,350","1,613","69,998,750"
"06/18,11:49","43,250","43,400","43,200","43,350","3,439","148,880,650"
"06/18,11:48","43,200","43,250","43,200","43,250",983,"42,478,350"
"06/18,11:47","43,200","43,250","43,150","43,200","2,001","86,420,600"
"06/18,11:46","43,200","43,200","43,150","43,150","3,278","141,597,900"
"06/18,11:45","43,200","43,200","43,150","43,200","3,322","143,473,200"
"06/18,11:44","43,200","43,200","43,150","43,200",933,"40,268,900"
"06/18,11:43","43,200","43,200","43,100","43,200","2,723","117,481,250"
"06/18,11:42","43,100","43,250","43,100","43,200",918,"39,621,050"
"06/18,11:41","43,200","43,200","43,100","43,100","1,409","60,803,700"
"06/18,11:40","43,250","43,250","43,100","43,150","1,317","56,862,750"
"06/18,11:39","43,050","43,300","43,000","43,050","6,431","276,804,150"
"06/18,11:38","43,100","43,150","43,050","43,100","4,498","193,861,350"
"06/18,11:37","43,250","43,300","43,100","43,100","8,441","364,398,900"
"06/18,11:36","43,300","43,300","43,250","43,250","3,223","139,425,200"
"06/18,11:35","43,350","43,400","43,300","43,300","1,648","71,386,000"
"06/18,11:34","43,450","43,450","43,350","43,400","1,156","50,129,700"
"06/18,11:33","43,250","43,400","43,250","43,400","1,628","70,554,950"
"06/18,11:32","43,300","43,300","43,200","43,250","3,336","144,260,550"
"06/18,11:31","43,350","43,350","43,300","43,300","2,415","104,585,100"
"06/18,11:30","43,350","43,400","43,300","43,350","1,486","64,386,750"
"06/18,11:29","43,500","43,500","43,350","43,350","1,362","59,103,000"
"06/18,11:28","43,350","43,500","43,350","43,500","1,618","70,222,650"
"06/18,11:27","43,400","43,400","43,300","43,350","6,318","273,785,050"
"06/18,11:26","43,500","43,550","43,350","43,400","4,830","209,741,950"
"06/18,11:25","43,600","43,600","43,450","43,450","4,695","204,305,950"
"06/18,11:24","43,650","43,650","43,550","43,600","3,252","141,757,750"
"06/18,11:23","43,650","43,700","43,600","43,650","1,253","54,681,300"
"06/18,11:22","43,650","43,650","43,600","43,650","2,376","103,658,400"
"06/18,11:21","43,650","43,750","43,650","43,700",718,"31,364,550"
"06/18,11:20","43,750","43,750","43,600","43,650","1,673","73,041,700"
"06/18,11:19","43,750","43,800","43,700","43,700",752,"32,904,700"
"06/18,11:18","43,750","43,750","43,650","43,750","1,182","51,666,150"
"06/18,11:17","43,750","43,750","43,600","43,750","1,920","83,792,500"
"06/18,11:16","43,600","43,750","43,600","43,750","1,639","71,535,700"
"06/18,11:15","43,700","43,750","43,550","43,600","3,097","135,042,850"
"06/18,11:14","43,750","43,800","43,700","43,700",543,"23,756,950"
"06/18,11:13","43,600","43,850","43,550","43,800","1,722","75,134,050"
"06/18,11:12","43,850","43,900","43,600","43,600","5,119","223,877,600"
"06/18,11:11","43,950","44,000","43,900","43,900","1,082","47,531,800"
"06/18,11:10","44,100","44,100","43,950","43,950","2,661","117,111,950"
"06/18,11:09","43,950","44,150","43,950","44,100","5,449","240,101,950"
"06/18,11:08","43,850","43,950","43,800","43,950","1,114","48,870,350"
"06/18,11:07","43,950","43,950","43,800","43,850",752,"33,006,050"
"06/18,11:06","44,000","44,000","43,850","43,950","1,814","79,727,750"
"06/18,11:05","43,750","44,000","43,750","44,000","1,264","55,463,100"
"06/18,11:04","43,750","43,800","43,650","43,750","1,362","59,538,350"
"06/18,11:03","43,650","43,750","43,600","43,700","2,584","112,827,650"
"06/18,11:02","43,800","43,800","43,700","43,700","2,485","108,640,600"
"06/18,11:01","43,850","43,900","43,700","43,750","3,257","142,558,250"
"06/18,11:00","43,850","44,000","43,800","43,850","2,007","88,096,500"
"06/18,10:59","44,000","44,000","43,800","43,900","2,384","104,650,350"
"06/18,10:58","43,950","44,050","43,850","43,950","2,722","119,662,600"
"06/18,10:57","44,100","44,100","43,950","44,000","5,533","243,629,650"
"06/18,10:56","44,050","44,100","43,950","44,050","6,199","272,918,500"
"06/18,10:55","43,750","44,000","43,750","44,000","3,335","146,364,750"
"06/18,10:54","43,600","43,800","43,600","43,750","2,475","108,164,000"
"06/18,10:53","43,400","43,700","43,350","43,600","3,303","143,548,700"
"06/18,10:52","43,650","43,650","43,250","43,400","16,148","701,540,300"
"06/18,10:51","43,800","43,800","43,650","43,650","5,059","221,059,200"
"06/18,10:50","43,750","43,850","43,650","43,800","5,420","236,955,200"
"06/18,10:49","43,750","43,800","43,750","43,750","3,276","143,351,200"
"06/18,10:48","43,900","43,900","43,700","43,800","5,479","239,934,550"
"06/18,10:47","44,000","44,050","43,750","43,800","7,252","318,176,950"
"06/18,10:46","44,150","44,150","44,000","44,000","3,482","153,361,600"
"06/18,10:45","44,050","44,150","44,050","44,150","1,128","49,736,200"
"06/18,10:44","44,150","44,200","44,050","44,050","1,596","70,437,750"
"06/18,10:43","44,150","44,250","44,150","44,200","3,174","140,348,950"
"06/18,10:42","44,350","44,350","44,200","44,200","2,537","112,261,600"
"06/18,10:41","44,150","44,400","44,150","44,300","5,715","253,383,400"
"06/18,10:40","44,050","44,150","44,050","44,100","1,098","48,401,300"
"06/18,10:39","44,050","44,100","44,000","44,100","1,592","70,101,450"
"06/18,10:38","44,150","44,150","43,950","44,050","5,479","241,193,350"
"06/18,10:37","44,050","44,250","44,050","44,100","1,657","73,120,550"
"06/18,10:36","44,250","44,300","44,050","44,050","3,775","166,697,550"
"06/18,10:35","44,300","44,450","44,200","44,250","4,411","195,413,600"
"06/18,10:34","44,250","44,450","44,200","44,400","4,662","206,570,100"
"06/18,10:33","44,100","44,550","44,100","44,300","10,526","467,200,200"
"06/18,10:32","44,200","44,250","44,050","44,150","5,741","253,433,900"
"06/18,10:31","44,600","44,650","44,200","44,200","9,936","441,194,200"
"06/18,10:30","43,900","44,700","43,850","44,550","23,922","1,062,275,300"
"06/18,10:29","43,750","43,900","43,700","43,900","1,702","74,575,550"
"06/18,10:28","43,750","43,800","43,550","43,800","1,886","82,327,000"
"06/18,10:27","43,600","43,800","43,550","43,700","1,136","49,647,350"
"06/18,10:26","43,800","43,800","43,450","43,600","7,390","322,134,050"
"06/18,10:25","43,850","43,850","43,700","43,800","2,060","90,166,100"
"06/18,10:24","43,750","44,000","43,750","43,850","1,338","58,647,200"
"06/18,10:23","43,900","44,000","43,700","43,750","4,180","182,938,200"
"06/18,10:22","44,100","44,100","43,800","43,900","3,546","155,719,800"
"06/18,10:21","44,200","44,250","44,050","44,100","4,449","196,622,650"
"06/18,10:20","44,050","44,200","43,900","44,150","4,795","211,231,800"
"06/18,10:19","44,200","44,250","44,050","44,050","12,076","533,778,750"
"06/18,10:18","43,950","44,250","43,800","44,200","15,318","675,488,500"
"06/18,10:17","43,850","43,900","43,800","43,900","1,827","80,104,000"
"06/18,10:16","43,800","44,000","43,650","43,900","9,615","420,986,900"
"06/18,10:15","43,800","43,800","43,700","43,750","1,832","80,147,350"
"06/18,10:14","43,750","43,850","43,700","43,850","4,839","211,743,100"
"06/18,10:13","43,800","43,800","43,700","43,750","2,852","124,805,700"
"06/18,10:12","43,950","44,000","43,800","43,800","11,598","509,106,300"
"06/18,10:11","43,750","44,000","43,750","44,000","14,042","616,289,650"
"06/18,10:10","43,400","43,800","43,350","43,750","8,825","384,895,900"
"06/18,10:09","43,350","43,400","43,350","43,400","1,735","75,227,750"
"06/18,10:08","43,350","43,400","43,300","43,400","3,241","140,390,450"
"06/18,10:07","43,450","43,450","43,350","43,350","4,163","180,599,650"
"06/18,10:06","43,400","43,500","43,350","43,400","3,581","155,456,550"
"06/18,10:05","43,300","43,400","43,250","43,400","2,349","101,730,050"
"06/18,10:04","43,200","43,350","43,150","43,300","4,234","183,074,550"
"06/18,10:03","43,150","43,250","43,100","43,200","4,969","214,523,200"
"06/18,10:02","43,300","43,350","43,100","43,100","5,331","230,359,250"
"06/18,10:01","43,350","43,400","43,300","43,300","4,624","200,481,300"
"06/18,10:00","43,550","43,600","43,350","43,400","5,814","252,856,250"
"06/18,09:59","43,300","43,550","43,250","43,550","10,013","434,888,850"
"06/18,09:58","43,000","43,300","42,850","43,250","13,683","588,196,700"
"06/18,09:57","43,300","43,350","42,950","42,950","21,357","921,223,500"
"06/18,09:56","43,500","43,500","43,300","43,300","6,875","298,213,750"
"06/18,09:55","43,650","43,700","43,400","43,450","8,246","358,957,050"
"06/18,09:54","43,500","43,650","43,450","43,650","4,688","204,210,750"
"06/18,09:53","43,400","43,550","43,400","43,500","6,522","283,478,000"
"06/18,09:52","43,250","43,450","43,200","43,400","7,846","339,737,600"
"06/18,09:51","43,650","43,700","43,150","43,200","19,493","844,593,800"
"06/18,09:50","43,400","43,750","43,350","43,650","9,193","400,897,550"
"06/18,09:49","43,400","43,550","43,250","43,450","16,091","697,862,750"
"06/18,09:48","44,100","44,100","43,250","43,350","52,846","2,308,231,050"
"06/18,09:47","44,200","44,250","44,050","44,100","4,741","209,172,550"
"06/18,09:46","44,250","44,300","44,000","44,250","16,384","722,623,200"
"06/18,09:45","44,100","44,400","44,100","44,250","8,069","357,160,050"
"06/18,09:44","44,050","44,450","44,050","44,150","17,980","795,219,600"
"06/18,09:43","44,150","44,400","43,850","44,100","43,166","1,903,843,950"
"06/18,09:42","44,600","45,000","43,750","44,250","86,602","3,832,429,250"
"06/18,09:41","45,950","46,700","44,200","44,550","201,506","9,234,339,400"
"06/18,09:40","44,250","46,200","44,000","45,900","106,212","4,815,340,050"
"06/18,09:39","44,550","44,600","44,200","44,200","11,608","515,380,300"
"06/18,09:38","44,500","44,700","44,300","44,550","12,840","570,815,150"
"06/18,09:37","44,850","44,900","44,150","44,550","30,477","1,354,663,900"
"06/18,09:36","45,100","45,300","44,550","44,900","20,709","930,254,600"
"06/18,09:35","45,000","45,500","44,800","45,100","25,697","1,161,987,650"
"06/18,09:34","45,050","45,100","44,500","45,000","24,612","1,100,914,600"
"06/18,09:33","44,750","45,250","44,750","45,100","14,809","667,630,700"
"06/18,09:32","45,350","45,450","44,650","44,750","25,715","1,159,336,050"
"06/18,09:31","44,850","45,350","44,500","45,350","19,110","859,128,600"
"06/18,09:30","45,200","45,650","44,850","44,850","42,830","1,935,285,700"
"06/18,09:29","44,700","45,700","44,650","45,200","54,782","2,478,677,850"
"06/18,09:28","44,350","45,000","43,950","44,700","39,619","1,757,533,050"
"06/18,09:27","44,400","44,750","44,300","44,400","34,518","1,536,851,750"
"06/18,09:26","45,350","45,650","43,950","44,400","85,595","3,832,503,800"
"06/18,09:25","45,550","45,550","44,750","45,400","63,688","2,879,613,700"
"06/18,09:24","45,350","45,800","45,050","45,550","140,261","6,387,660,800"
"06/18,09:23","44,300","45,500","44,100","45,350","139,755","6,276,589,500"
"06/18,09:22","43,850","44,350","43,700","44,300","35,078","1,546,494,350"
"06/18,09:21","43,950","44,100","43,500","43,900","22,099","969,296,700"
"06/18,09:20","44,250","44,550","43,350","43,950","82,869","3,654,862,550"
"06/18,09:19","43,200","44,300","43,100","44,250","53,789","2,357,556,700"
"06/18,09:18","42,850","43,300","42,800","43,150","13,412","577,628,050"
"06/18,09:17","42,500","42,800","42,450","42,800","7,193","307,165,500"
"06/18,09:16","42,550","42,550","42,250","42,450","6,638","281,275,900"
"06/18,09:15","42,600","42,700","42,500","42,500","5,556","236,646,750"
"06/18,09:14","42,700","42,800","42,600","42,600","6,853","292,848,100"
"06/18,09:13","42,850","42,900","42,550","42,700","7,775","332,297,750"
"06/18,09:12","42,150","42,900","42,000","42,800","19,873","841,374,300"
"06/18,09:11","42,600","42,650","42,150","42,150","16,104","682,697,000"
"06/18,09:10","42,850","42,850","42,500","42,550","14,303","610,314,000"
"06/18,09:09","42,800","43,100","42,700","42,800","15,962","684,718,350"
"06/18,09:08","42,500","42,900","42,400","42,800","16,070","685,673,150"
"06/18,09:07","43,300","43,350","42,000","42,500","50,595","2,156,351,200"
"06/18,09:06","43,650","43,700","43,300","43,350","21,482","934,511,000"
"06/18,09:05","43,900","43,950","43,500","43,650","27,195","1,188,728,600"
"06/18,09:04","43,950","44,000","43,550","44,000","35,177","1,541,852,150"
"06/18,09:03","43,600","44,350","43,500","44,050","58,488","2,570,858,850"
"06/18,09:02","43,150","43,800","43,050","43,600","33,886","1,474,331,550"
"06/18,09:01","43,500","43,950","43,100","43,150","43,973","1,916,295,600"
"06/18,09:00","43,650","44,100","43,400","43,500","123,685","5,408,450,650"
"06/17,15:30","42,500","42,500","42,500","42,500","36,202","1,538,585,000"
"06/17,15:19","42,250","42,500","42,250","42,450","18,054","765,657,400"
"06/17,15:18","42,300","42,400","42,250","42,250","9,510","402,163,000"
"06/17,15:17","42,300","42,450","42,250","42,300","9,150","387,391,050"
"06/17,15:16","42,200","42,400","42,200","42,350","15,843","670,413,200"
"06/17,15:15","42,050","42,250","41,950","42,250","9,865","414,906,350"
"06/17,15:14","42,000","42,200","41,950","42,050","9,856","414,996,600"
"06/17,15:13","42,000","42,150","42,000","42,000","5,553","233,527,400"
"06/17,15:12","42,000","42,050","41,900","42,050","5,642","236,971,650"
"06/17,15:11","41,550","42,050","41,500","42,000","7,140","298,437,000"
"06/17,15:10","41,450","41,600","41,450","41,550","3,117","129,381,200"
"06/17,15:09","41,700","41,700","41,450","41,500","9,587","398,558,000"
"06/17,15:08","41,700","41,850","41,700","41,750","2,385","99,666,350"
"06/17,15:07","41,850","41,900","41,550","41,650","4,892","203,896,950"
"06/17,15:06","42,000","42,100","41,800","41,850","4,700","197,356,250"
"06/17,15:05","42,050","42,100","41,850","41,950","5,632","236,543,300"
"06/17,15:04","41,900","42,150","41,900","42,050","5,506","231,516,900"
"06/17,15:03","42,000","42,000","41,700","41,950","4,304","180,231,850"
"06/17,15:02","41,700","42,250","41,700","42,000","16,731","702,940,300"
"06/17,15:01","41,600","41,750","41,600","41,700","1,687","70,273,000"
"06/17,15:00","41,750","41,800","41,550","41,600","2,936","122,499,300"
"06/17,14:59","41,400","41,800","41,400","41,750","5,528","229,910,950"
"06/17,14:58","41,250","41,500","41,250","41,400","2,120","87,710,800"
"06/17,14:57","41,300","41,300","41,200","41,250","6,665","274,884,850"
"06/17,14:56","41,350","41,400","41,300","41,300","3,231","133,519,600"
"06/17,14:55","41,350","41,400","41,300","41,350","2,228","92,096,400"
"06/17,14:54","41,450","41,550","41,350","41,400","1,986","82,175,000"
"06/17,14:53","41,500","41,550","41,400","41,550","1,062","43,987,000"
"06/17,14:52","41,600","41,600","41,350","41,550","3,144","130,353,550"
"06/17,14:51","41,750","41,800","41,600","41,600","2,393","99,771,000"
"06/17,14:50","41,850","41,900","41,750","41,750","2,202","92,077,450"
"06/17,14:49","41,750","41,900","41,700","41,850","3,858","161,192,100"
"06/17,14:48","41,650","41,800","41,600","41,750","1,539","64,137,400"
"06/17,14:47","41,650","41,750","41,600","41,650","2,076","86,539,900"
"06/17,14:46","41,550","41,650","41,500","41,650","1,738","72,260,950"
"06/17,14:45","41,350","41,600","41,350","41,550","2,092","86,825,350"
"06/17,14:44","41,350","41,400","41,300","41,400","1,525","63,082,250"
"06/17,14:43","41,250","41,350","41,250","41,350","2,354","97,183,450"
"06/17,14:42","41,350","41,400","41,250","41,250","1,782","73,609,500"
"06/17,14:41","41,400","41,400","41,300","41,350","2,027","83,792,200"
"06/17,14:40","41,350","41,400","41,300","41,400","1,698","70,194,250"
"06/17,14:39","41,350","41,400","41,300","41,350","2,898","119,791,500"
"06/17,14:38","41,450","41,450","41,300","41,350",814,"33,665,750"
"06/17,14:37","41,300","41,450","41,250","41,300","5,814","240,194,750"
"06/17,14:36","41,500","41,500","41,300","41,300","4,464","184,494,300"
"06/17,14:35","41,700","41,700","41,400","41,400","4,672","194,307,250"
"06/17,14:34","41,700","41,750","41,650","41,700","1,015","42,323,050"
"06/17,14:33","41,800","41,800","41,650","41,700","4,156","173,255,800"
"06/17,14:32","41,700","41,850","41,700","41,750","1,208","50,465,250"
"06/17,14:31","41,700","41,800","41,650","41,700","1,126","46,970,200"
"06/17,14:30","41,800","41,850","41,700","41,800","2,596","108,351,900"
"06/17,14:29","41,800","41,900","41,750","41,800",992,"41,490,700"
"06/17,14:28","41,800","41,850","41,750","41,800",781,"32,639,450"
"06/17,14:27","41,800","41,800","41,750","41,800","1,088","45,457,650"
"06/17,14:26","41,650","41,950","41,600","41,800","4,350","181,379,900"
"06/17,14:25","41,750","41,800","41,650","41,650","4,743","197,775,700"
"06/17,14:24","41,850","41,950","41,750","41,800","4,551","190,501,450"
"06/17,14:23","41,900","41,950","41,800","41,850","4,800","200,951,700"
"06/17,14:22","42,050","42,100","41,950","41,950","3,916","164,454,000"
"06/17,14:21","42,050","42,150","41,950","42,050","5,364","225,498,700"
"06/17,14:20","41,900","42,250","41,900","42,050","8,717","367,320,550"
"06/17,14:19","41,800","41,900","41,700","41,850","3,376","141,186,000"
"06/17,14:18","42,150","42,150","41,750","41,750","3,268","137,096,450"
"06/17,14:17","41,800","42,150","41,800","42,150","7,696","323,552,600"
"06/17,14:16","41,700","41,850","41,700","41,850","1,804","75,400,200"
"06/17,14:15","41,650","41,850","41,650","41,750","1,566","65,360,450"
"06/17,14:14","41,900","41,900","41,600","41,600","2,835","118,323,500"
"06/17,14:13","41,700","41,950","41,650","41,900","2,841","118,810,950"
"06/17,14:12","41,900","41,900","41,700","41,750","1,764","73,729,400"
"06/17,14:11","41,750","41,900","41,700","41,900","1,727","72,220,950"
"06/17,14:10","41,800","41,950","41,750","41,750","3,424","143,244,300"
"06/17,14:09","42,100","42,150","41,800","41,850","8,046","337,920,750"
"06/17,14:08","41,850","42,150","41,750","42,150","10,591","444,204,000"
"06/17,14:07","41,500","41,950","41,500","41,850","8,746","366,012,700"
"06/17,14:06","41,350","41,550","41,300","41,500","1,857","76,863,000"
"06/17,14:05","41,350","41,350","41,300","41,350",662,"27,348,500"
"06/17,14:04","41,350","41,400","41,300","41,300","1,031","42,608,500"
"06/17,14:03","41,400","41,400","41,300","41,350",696,"28,777,300"
"06/17,14:02","41,450","41,500","41,300","41,400","2,966","122,877,850"
"06/17,14:01","41,550","41,550","41,400","41,500","2,783","115,446,350"
"06/17,14:00","41,450","41,550","41,400","41,550","2,337","96,971,950"
"06/17,13:59","41,400","41,600","41,400","41,450","4,306","178,735,800"
"06/17,13:58","41,250","41,400","41,150","41,400","2,362","97,365,850"
"06/17,13:57","41,100","41,250","41,100","41,250","1,314","54,078,900"
"06/17,13:56","41,150","41,200","41,100","41,150","2,623","107,919,000"
"06/17,13:55","41,150","41,200","41,100","41,100","1,244","51,174,500"
"06/17,13:54","41,200","41,250","41,100","41,150","2,560","105,339,850"
"06/17,13:53","41,150","41,200","41,100","41,200",623,"25,648,050"
"06/17,13:52","41,200","41,200","41,100","41,150","1,639","67,448,200"
"06/17,13:51","41,150","41,200","41,100","41,200","5,132","211,130,000"
"06/17,13:50","41,150","41,250","41,100","41,200","3,446","141,756,250"
"06/17,13:49","41,250","41,250","41,150","41,150","1,919","79,054,300"
"06/17,13:48","41,200","41,250","41,200","41,250",805,"33,192,600"
"06/17,13:47","41,250","41,300","41,200","41,200","1,347","55,565,150"
"06/17,13:46","41,250","41,300","41,200","41,300","2,083","85,904,300"
"06/17,13:45","41,150","41,300","41,150","41,250","1,547","63,786,650"
"06/17,13:44","41,250","41,300","41,150","41,200","1,229","50,649,750"
"06/17,13:43","41,250","41,300","41,200","41,250",723,"29,801,550"
"06/17,13:42","41,200","41,300","41,150","41,200","1,492","61,505,100"
"06/17,13:41","41,250","41,250","41,100","41,200","4,984","205,263,950"
"06/17,13:40","41,300","41,350","41,250","41,300","1,801","74,376,350"
"06/17,13:39","41,300","41,400","41,250","41,400","1,418","58,522,550"
"06/17,13:38","41,250","41,300","41,250","41,300","1,806","74,528,000"
"06/17,13:37","41,400","41,400","41,250","41,250","1,477","61,034,100"
"06/17,13:36","41,450","41,500","41,400","41,400","1,511","62,618,900"
"06/17,13:35","41,350","41,500","41,300","41,450","1,254","51,939,150"
"06/17,13:34","41,250","41,350","41,200","41,300","1,559","64,299,050"
"06/17,13:33","41,300","41,300","41,150","41,200","5,454","224,783,100"
"06/17,13:32","41,300","41,300","41,250","41,300","2,630","108,522,700"
"06/17,13:31","41,350","41,350","41,250","41,300","1,580","65,278,000"
"06/17,13:30","41,550","41,550","41,350","41,400","1,016","42,114,300"
"06/17,13:29","41,550","41,650","41,450","41,550","1,454","60,403,950"
"06/17,13:28","41,300","41,550","41,300","41,500","2,055","85,045,500"
"06/17,13:27","41,250","41,550","41,250","41,350","3,102","128,390,300"
"06/17,13:26","41,350","41,400","41,200","41,200","4,101","169,280,850"
"06/17,13:25","41,600","41,600","41,350","41,400","2,164","89,738,300"
"06/17,13:24","41,500","41,650","41,500","41,650",947,"39,326,650"
"06/17,13:23","41,800","41,800","41,500","41,500","3,501","145,864,250"
"06/17,13:22","41,650","41,800","41,650","41,750","4,124","172,075,750"
"06/17,13:21","41,650","41,750","41,600","41,700","4,988","207,973,550"
"06/17,13:20","41,600","41,650","41,550","41,650","2,113","87,951,400"
"06/17,13:19","41,500","41,750","41,500","41,600","5,872","244,398,000"
"06/17,13:18","41,450","41,550","41,400","41,550","2,045","84,834,400"
"06/17,13:17","41,450","41,450","41,350","41,450","1,875","77,623,350"
"06/17,13:16","41,150","41,500","41,150","41,450","3,621","149,382,700"
"06/17,13:15","41,250","41,250","41,100","41,150","8,822","363,216,550"
"06/17,13:14","41,400","41,450","41,200","41,200","9,460","390,721,300"
"06/17,13:13","41,500","41,500","41,450","41,450","2,459","101,939,550"
"06/17,13:12","41,450","41,550","41,450","41,500","3,215","133,333,550"
"06/17,13:11","41,550","41,550","41,300","41,450","6,937","287,141,600"
"06/17,13:10","41,400","41,650","41,350","41,550","6,394","264,883,050"
"06/17,13:09","41,800","41,850","41,350","41,400","17,493","727,154,850"
"06/17,13:08","41,800","41,850","41,750","41,800","5,474","228,625,350"
"06/17,13:07","41,900","41,900","41,750","41,800","1,765","73,796,950"
"06/17,13:06","41,950","42,000","41,800","41,900","2,457","102,916,350"
"06/17,13:05","41,900","42,050","41,900","42,000","1,829","76,817,300"
"06/17,13:04","41,900","41,950","41,850","41,900","1,235","51,725,650"
"06/17,13:03","41,800","41,900","41,800","41,900","1,869","78,138,500"
"06/17,13:02","41,900","41,950","41,800","41,850","1,912","80,026,450"
"06/17,13:01","42,000","42,000","41,850","41,900","1,974","82,722,250"
"06/17,13:00","42,000","42,050","41,900","42,000","1,307","54,848,100"
"06/17,12:59","42,000","42,050","41,950","42,000",829,"34,792,150"
"06/17,12:58","41,800","42,000","41,800","42,000",969,"40,614,250"
"06/17,12:57","41,800","41,950","41,750","41,800","2,695","112,633,800"
"06/17,12:56","41,850","41,950","41,750","41,800","4,053","169,378,850"
"06/17,12:55","41,950","41,950","41,850","41,850","2,697","112,949,050"
"06/17,12:54","42,000","42,250","41,950","41,950","3,630","152,889,000"
"06/17,12:53","41,850","42,050","41,800","42,050","2,524","105,767,250"
"06/17,12:52","41,850","41,900","41,800","41,850","2,125","88,884,150"
"06/17,12:51","41,850","42,000","41,850","41,850","2,102","88,056,550"
"06/17,12:50","41,750","41,900","41,750","41,850","4,448","186,065,100"
"06/17,12:49","42,050","42,100","41,700","41,750","6,842","286,219,350"
"06/17,12:48","42,050","42,150","41,850","42,050","4,425","185,658,250"
"06/17,12:47","41,850","42,100","41,750","42,100","6,210","260,280,300"
"06/17,12:46","42,100","42,100","41,700","41,800","21,339","894,077,550"
"06/17,12:45","42,200","42,350","42,100","42,100","4,315","182,139,850"
"06/17,12:44","42,400","42,400","42,100","42,250","10,865","458,683,300"
"06/17,12:43","42,300","42,450","42,300","42,350","3,348","141,836,050"
"06/17,12:42","42,700","42,700","42,300","42,350","7,812","331,904,000"
"06/17,12:41","42,550","42,700","42,450","42,650","5,932","252,484,900"
"06/17,12:40","42,650","42,650","42,450","42,550","5,370","228,380,750"
"06/17,12:39","42,650","42,700","42,300","42,650","12,760","541,881,350"
"06/17,12:38","42,800","42,850","42,600","42,650","7,594","324,166,000"
"06/17,12:37","42,900","42,900","42,700","42,850","3,912","167,366,950"
"06/17,12:36","43,050","43,300","42,650","42,800","11,034","474,414,400"
"06/17,12:35","43,050","43,050","42,650","43,050","13,266","568,895,500"
"06/17,12:34","43,350","43,550","43,000","43,050","11,701","505,721,700"
"06/17,12:33","43,950","44,000","43,300","43,350","20,904","912,403,550"
"06/17,12:32","43,450","43,950","43,250","43,950","33,407","1,462,562,950"
"06/17,12:31","43,150","43,750","43,050","43,450","26,579","1,156,028,000"
"06/17,12:30","43,000","43,350","42,950","43,100","11,991","517,582,350"
"06/17,12:29","42,700","43,050","42,700","43,000","6,277","269,112,600"
"06/17,12:28","42,500","42,700","42,500","42,700","2,409","102,667,850"
"06/17,12:27","42,450","42,550","42,400","42,550","1,943","82,519,500"
"06/17,12:26","42,400","42,500","42,350","42,450",917,"38,882,750"
"06/17,12:25","42,250","42,450","42,200","42,400","1,663","70,282,550"
"06/17,12:24","42,300","42,350","42,200","42,250","3,419","144,435,400"
"06/17,12:23","42,600","42,600","42,250","42,350","5,297","224,528,250"
"06/17,12:22","42,900","42,950","42,500","42,600","3,906","166,756,800"
"06/17,12:21","42,550","43,000","42,500","42,900","4,483","192,053,900"
"06/17,12:20","42,850","42,950","42,500","42,650","5,550","237,139,050"
"06/17,12:19","42,600","43,200","42,550","42,850","14,504","621,178,400"
"06/17,12:18","42,000","42,600","42,000","42,600","5,713","241,634,600"
"06/17,12:17","42,250","42,250","41,950","42,000","7,064","297,007,900"
"06/17,12:16","42,350","42,350","42,100","42,150","7,023","296,337,400"
"06/17,12:15","42,400","42,450","42,200","42,300","3,851","162,912,900"
"06/17,12:14","42,400","42,550","42,250","42,450","4,960","209,977,100"
"06/17,12:13","42,450","42,600","42,400","42,400","4,465","189,552,350"
"06/17,12:12","42,550","42,650","42,250","42,500","9,594","406,877,200"
"06/17,12:11","42,850","42,850","42,500","42,550","9,447","402,630,600"
"06/17,12:10","42,800","43,050","42,750","42,800","5,314","227,686,100"
"06/17,12:09","43,050","43,200","42,500","42,800","14,456","619,682,200"
"06/17,12:08","43,250","43,300","42,850","43,050","13,257","571,084,000"
"06/17,12:07","43,150","43,700","43,000","43,300","21,964","953,787,400"
"06/17,12:06","43,000","43,650","42,950","43,050","13,965","604,847,650"
"06/17,12:05","42,800","43,750","42,800","42,950","31,625","1,370,380,150"
"06/17,12:04","43,100","43,300","42,550","42,800","25,222","1,085,296,450"
"06/17,12:03","43,100","43,750","42,850","42,950","35,988","1,556,536,700"
"06/17,12:02","42,400","44,150","42,350","43,050","62,794","2,721,529,050"
"06/17,12:01","42,200","42,450","42,150","42,400","4,225","178,872,500"
"06/17,12:00","42,250","42,250","41,950","42,150","4,038","169,894,950"
"06/17,11:59","42,350","42,350","41,800","42,200","8,049","338,683,000"
"06/17,11:58","42,700","42,800","42,300","42,300","9,581","407,849,750"
"06/17,11:57","42,550","42,750","42,400","42,750","10,019","426,817,600"
"06/17,11:56","42,250","42,800","42,200","42,550","16,324","695,614,700"
"06/17,11:55","42,150","42,500","42,100","42,250","13,798","583,770,800"
"06/17,11:54","41,600","42,200","41,600","42,100","8,321","348,943,900"
"06/17,11:53","41,550","41,600","41,500","41,600","1,594","66,219,100"
"06/17,11:52","41,300","41,500","41,250","41,450","2,361","97,614,400"
"06/17,11:51","41,150","41,300","41,150","41,300","1,484","61,204,450"
"06/17,11:50","41,150","41,200","41,100","41,200","2,694","110,856,000"
"06/17,11:49","41,250","41,300","41,150","41,150","3,900","160,645,500"
"06/17,11:48","41,300","41,400","41,250","41,250","1,741","71,874,700"
"06/17,11:47","41,350","41,350","41,300","41,350",316,"13,058,000"
"06/17,11:46","41,200","41,350","41,200","41,350","1,495","61,636,000"
"06/17,11:45","41,350","41,350","41,200","41,250","2,289","94,405,400"
"06/17,11:44","41,450","41,500","41,300","41,350","2,203","91,169,450"
"06/17,11:43","41,450","41,500","41,400","41,450","1,584","65,692,000"
"06/17,11:42","41,500","41,550","41,350","41,400","1,313","54,372,550"
"06/17,11:41","41,450","41,550","41,450","41,500","1,432","59,447,100"
"06/17,11:40","41,550","41,550","41,400","41,450","1,916","79,437,150"
"06/17,11:39","41,400","41,550","41,350","41,400",659,"27,309,800"
"06/17,11:38","41,200","41,400","41,200","41,400","2,612","107,704,250"
"06/17,11:37","41,350","41,350","41,250","41,250","1,885","77,838,800"
"06/17,11:36","41,550","41,600","41,350","41,350","2,033","84,325,450"
"06/17,11:35","41,500","41,600","41,450","41,550","2,597","107,773,150"
"06/17,11:34","41,500","41,600","41,450","41,500","2,916","121,081,600"
"06/17,11:33","41,450","41,600","41,300","41,500","3,056","126,813,900"
"06/17,11:32","41,300","41,500","41,300","41,450","1,858","76,868,950"
"06/17,11:31","41,100","41,350","41,100","41,300","2,721","112,075,150"
"06/17,11:30","41,000","41,150","41,000","41,100","1,740","71,409,850"
"06/17,11:29","41,100","41,150","40,900","41,000","4,134","169,547,600"
"06/17,11:28","41,100","41,150","40,900","41,100","11,294","463,556,750"
"06/17,11:27","41,150","41,200","41,100","41,100","2,651","109,066,950"
"06/17,11:26","41,150","41,250","41,100","41,150","2,385","98,116,000"
"06/17,11:25","41,500","41,500","41,100","41,100","2,980","122,912,600"
"06/17,11:24","41,400","41,500","41,350","41,500","3,033","125,680,100"
"06/17,11:23","41,100","41,400","41,100","41,350","1,980","81,749,000"
"06/17,11:22","41,100","41,150","41,050","41,100","2,414","99,217,400"
"06/17,11:21","41,250","41,300","41,100","41,100","5,664","233,066,650"
"06/17,11:20","41,400","41,400","41,250","41,250","1,845","76,245,750"
"06/17,11:19","41,300","41,400","41,250","41,400","1,671","69,073,800"
"06/17,11:18","41,250","41,350","41,150","41,300","1,280","52,749,900"
"06/17,11:17","41,300","41,550","41,150","41,250","3,837","158,820,600"
"06/17,11:16","41,100","41,350","41,050","41,250","5,394","221,731,150"
"06/17,11:15","41,300","41,350","41,100","41,100","6,182","254,375,000"
"06/17,11:14","41,200","41,350","41,150","41,300","2,621","108,168,300"
"06/17,11:13","41,500","41,500","41,050","41,200","11,050","455,222,750"
"06/17,11:12","41,400","41,500","41,350","41,500","1,735","71,871,400"
"06/17,11:11","41,300","41,550","41,200","41,400","7,508","310,136,350"
"06/17,11:10","41,500","41,500","41,200","41,350","9,227","380,938,950"
"06/17,11:09","41,750","41,750","41,200","41,500","17,118","709,691,450"
"06/17,11:08","41,700","41,850","41,650","41,750","6,084","253,741,950"
"06/17,11:07","42,050","42,100","41,700","41,700","6,484","271,499,300"
"06/17,11:06","42,150","42,150","42,050","42,050","1,329","55,934,900"
"06/17,11:05","42,150","42,200","42,050","42,150","3,365","141,827,950"
"06/17,11:04","41,850","42,200","41,800","42,150","5,048","211,863,450"
"06/17,11:03","42,200","42,200","41,900","41,900","4,220","177,338,900"
"06/17,11:02","42,250","42,300","42,150","42,150","1,463","61,764,800"
"06/17,11:01","42,000","42,300","42,000","42,250","1,677","70,652,300"
"06/17,11:00","42,200","42,200","41,900","42,000","8,349","350,719,150"
"06/17,10:59","42,200","42,300","42,150","42,150","4,172","175,951,500"
"06/17,10:58","42,300","42,350","42,200","42,200","3,743","158,185,450"
"06/17,10:57","42,400","42,400","42,300","42,300","2,367","100,267,850"
"06/17,10:56","42,350","42,350","42,300","42,350","1,195","50,567,750"
"06/17,10:55","42,550","42,550","42,250","42,350","1,458","61,764,550"
"06/17,10:54","42,250","42,750","42,250","42,600","4,875","207,467,550"
"06/17,10:53","42,350","42,400","42,200","42,300","3,242","137,050,600"
"06/17,10:52","42,400","42,450","42,300","42,350","3,757","159,126,950"
"06/17,10:51","42,100","42,400","42,000","42,300","5,440","228,958,850"
"06/17,10:50","42,550","42,600","42,050","42,050","8,401","355,241,950"
"06/17,10:49","42,500","42,650","42,400","42,600","2,488","105,814,050"
"06/17,10:48","42,350","42,600","42,300","42,500","3,035","128,597,700"
"06/17,10:47","42,500","42,500","42,200","42,300","7,393","312,772,750"
"06/17,10:46","42,700","42,700","42,450","42,450","4,443","189,050,200"
"06/17,10:45","42,900","42,900","42,650","42,650","3,343","143,085,450"
"06/17,10:44","42,750","43,050","42,700","42,900","7,918","340,008,550"
"06/17,10:43","42,500","42,750","42,500","42,750","2,579","109,890,900"
"06/17,10:42","42,800","42,950","42,500","42,550","8,968","382,988,500"
"06/17,10:41","42,900","42,950","42,650","42,850","8,082","346,210,750"
"06/17,10:40","42,800","43,000","42,750","42,850","5,596","239,878,950"
"06/17,10:39","43,000","43,100","42,450","42,800","12,931","553,866,700"
"06/17,10:38","42,650","43,250","42,600","42,950","21,901","942,529,950"
"06/17,10:37","42,300","42,700","42,150","42,650","7,016","297,717,150"
"06/17,10:36","42,800","42,950","42,250","42,300","12,854","548,064,100"
"06/17,10:35","42,950","43,000","42,650","42,800","13,370","572,528,550"
"06/17,10:34","42,500","43,050","42,100","42,950","15,061","642,668,650"
"06/17,10:33","42,300","42,800","42,300","42,500","16,076","684,671,400"
"06/17,10:32","42,400","43,200","42,200","42,450","30,082","1,282,418,200"
"06/17,10:31","41,750","42,650","41,750","42,400","18,626","787,963,150"
"06/17,10:30","41,450","41,850","41,400","41,750","5,134","213,873,900"
"06/17,10:29","41,900","41,900","41,450","41,450","10,182","424,693,400"
"06/17,10:28","41,950","42,000","41,850","41,900","3,664","153,571,350"
"06/17,10:27","42,250","42,300","41,800","41,900","7,846","329,810,700"
"06/17,10:26","41,700","42,400","41,650","42,250","17,532","738,355,700"
"06/17,10:25","41,800","41,850","41,650","41,750","3,940","164,454,350"
"06/17,10:24","41,500","41,950","41,350","41,850","8,123","337,884,500"
"06/17,10:23","41,850","41,900","41,500","41,500","10,743","448,256,250"
"06/17,10:22","41,950","42,100","41,750","41,850","10,940","458,931,200"
"06/17,10:21","41,800","42,300","41,800","41,900","22,750","957,136,550"
"06/17,10:20","41,700","41,900","41,500","41,800","13,451","560,510,750"
"06/17,10:19","41,300","41,700","41,200","41,700","8,783","364,161,500"
"06/17,10:18","41,300","41,300","41,050","41,300","6,512","268,078,350"
"06/17,10:17","41,450","41,600","41,250","41,300","15,565","645,872,200"
"06/17,10:16","40,700","41,650","40,650","41,450","36,054","1,487,522,200"
"06/17,10:15","40,800","40,850","40,700","40,700","9,637","392,832,550"
"06/17,10:14","40,850","40,950","40,700","40,800","14,915","609,735,900"
"06/17,10:13","40,650","40,850","40,500","40,850","29,932","1,215,565,450"
"06/17,10:12","41,100","41,100","40,600","40,650","34,447","1,408,376,950"
"06/17,10:11","41,250","41,250","41,050","41,050","6,541","268,973,700"
"06/17,10:10","41,250","41,250","41,100","41,200","8,732","359,545,200"
"06/17,10:09","41,200","41,400","41,150","41,200","15,924","656,918,850"
"06/17,10:08","41,200","41,200","40,800","41,200","38,176","1,565,359,700"
"06/17,10:07","41,550","41,550","41,150","41,200","19,742","815,957,750"
"06/17,10:06","41,450","41,600","41,250","41,500","24,770","1,025,959,200"
"06/17,10:05","42,000","42,100","41,150","41,500","36,393","1,512,344,300"
"06/17,10:04","41,950","42,200","41,700","42,000","42,686","1,790,440,050"
"06/17,10:01","42,350","42,400","41,950","41,950","34,591","1,456,972,800"
"06/17,10:00","42,600","42,600","42,300","42,350","5,757","244,236,600"
"06/17,09:59","42,400","42,550","42,400","42,500","9,369","397,771,550"
"06/17,09:58","42,350","42,500","42,300","42,400","4,545","192,592,150"
"06/17,09:57","42,300","42,700","42,300","42,350","9,929","421,540,700"
"06/17,09:56","42,550","42,600","42,200","42,300","22,423","948,820,100"
"06/17,09:55","42,800","42,800","42,500","42,600","10,652","454,226,850"
"06/17,09:54","43,150","43,150","42,700","42,800","5,814","249,511,550"
"06/17,09:53","43,250","43,300","43,100","43,100","5,360","231,616,650"
"06/17,09:52","42,750","43,250","42,700","43,150","6,279","269,907,250"
"06/17,09:51","42,600","42,750","42,550","42,700","6,746","287,510,300"
"06/17,09:50","42,900","42,950","42,500","42,550","6,324","269,795,500"
"06/17,09:49","42,850","43,100","42,800","42,950","6,587","283,104,450"
"06/17,09:48","42,650","42,850","42,650","42,800","3,116","133,082,300"
"06/17,09:47","42,450","42,750","42,400","42,700","5,030","214,220,350"
"06/17,09:46","42,750","42,800","42,200","42,400","16,504","700,714,100"
"06/17,09:45","43,050","43,050","42,750","42,750","5,694","244,148,800"
"06/17,09:44","43,000","43,100","43,000","43,050","2,768","119,146,600"
"06/17,09:43","43,150","43,200","42,950","43,050","3,408","146,730,050"
"06/17,09:42","42,950","43,200","42,800","43,150","15,856","681,594,350"
"06/17,09:41","42,900","43,350","42,800","42,950","6,333","272,790,400"
"06/17,09:40","42,850","42,850","42,500","42,850","11,753","501,194,400"
"06/17,09:39","43,200","43,650","42,850","42,850","8,653","372,956,800"
"06/17,09:38","43,300","43,300","43,050","43,200","6,624","285,815,300"
"06/17,09:37","43,100","43,450","42,950","43,250","9,824","423,419,200"
"06/17,09:36","43,950","44,000","43,100","43,100","9,990","435,628,950"
"06/17,09:35","43,850","44,300","43,800","43,900","19,784","871,947,250"
"06/17,09:34","43,500","44,000","43,500","43,850","11,000","482,079,000"
"06/17,09:33","43,200","43,550","43,100","43,550","7,591","328,216,600"
"06/17,09:32","44,100","44,250","43,000","43,100","23,293","1,017,096,550"
"06/17,09:31","43,350","44,150","43,300","44,100","18,845","823,619,850"
"06/17,09:30","43,000","43,500","43,000","43,350","7,983","345,699,400"
"06/17,09:29","43,250","43,450","42,850","43,000","14,320","618,148,000"
"06/17,09:28","42,800","43,400","42,800","43,250","17,432","752,510,750"
"06/17,09:27","42,800","42,850","42,650","42,800","8,123","347,159,550"
"06/17,09:26","42,400","42,850","42,400","42,850","12,821","546,147,100"
"06/17,09:25","42,700","42,750","42,300","42,450","14,717","625,070,400"
"06/17,09:24","43,000","43,050","42,150","42,700","37,492","1,589,328,300"
"06/17,09:23","43,350","43,450","43,000","43,000","12,649","547,617,850"
"06/17,09:22","42,900","43,550","42,900","43,450","26,389","1,140,135,100"
"06/17,09:21","43,400","43,450","42,600","42,900","50,133","2,160,094,350"
"06/17,09:20","43,600","43,900","43,400","43,450","24,350","1,061,888,400"
"06/17,09:19","43,950","44,100","43,550","43,600","28,616","1,255,096,100"
"06/17,09:18","44,550","44,600","43,650","43,950","54,223","2,385,476,200"
"06/17,09:17","44,550","45,000","44,450","44,600","27,870","1,245,593,950"
"06/17,09:16","45,400","45,500","44,400","44,600","60,306","2,700,900,700"
"06/17,09:15","45,750","45,800","45,400","45,400","11,944","543,970,300"
"06/17,09:14","45,450","46,250","45,450","45,700","14,130","648,433,450"
"06/17,09:13","45,700","45,900","45,350","45,500","16,560","753,868,100"
"06/17,09:12","46,050","46,100","45,500","45,700","10,638","486,303,450"
"06/17,09:11","46,000","46,300","46,000","46,050","10,528","485,305,150"
"06/17,09:10","45,300","46,200","45,300","46,000","18,062","828,825,650"
"06/17,09:09","46,300","46,350","45,250","45,350","31,284","1,428,940,350"
"06/17,09:08","46,500","46,800","45,950","46,300","15,436","713,000,900"
"06/17,09:07","46,600","47,400","46,300","46,400","32,278","1,513,671,550"
"06/17,09:06","46,050","46,700","45,900","46,600","24,728","1,145,853,500"
"06/17,09:05","45,700","46,100","45,250","46,000","43,864","1,999,409,100"
"06/17,09:04","46,150","46,250","45,500","45,700","42,472","1,944,335,250"
"06/17,09:03","48,600","49,000","45,600","46,150","70,538","3,339,164,850"
"06/17,09:02","46,750","49,300","46,700","48,600","111,825","5,434,782,800"
"06/17,09:01","46,900","47,000","45,650","46,750","71,325","3,311,847,050"
"06/17,09:00","46,600","47,900","46,050","46,900","138,836","6,500,349,100"
"06/14,15:30","49,500","49,500","49,500","49,500","102,795","5,088,352,500"
"06/14,15:19","48,700","49,500","48,700","49,350","68,628","3,371,815,250"
"06/14,15:18","49,250","49,800","48,500","48,700","78,166","3,851,449,800"
"06/14,15:17","48,700","49,550","48,500","49,300","73,467","3,613,108,850"
"06/14,15:16","48,350","48,750","47,450","48,750","71,554","3,448,212,650"
"06/14,15:15","47,650","48,650","47,600","48,400","68,561","3,302,052,250"
"06/14,15:14","48,800","49,100","47,050","47,650","140,040","6,723,657,450"
"06/14,15:13","50,200","50,600","48,500","48,800","113,672","5,631,296,600"
"06/14,15:12","50,400","50,500","49,750","50,200","59,864","2,999,092,550"
"06/14,15:11","49,900","50,400","49,400","50,400","114,334","5,711,624,600"
"06/14,15:10","52,600","52,800","49,250","49,950","126,364","6,443,006,850"
"06/14,15:09","51,900","53,300","51,900","52,600","61,856","3,260,821,000"
"06/14,15:08","51,700","52,800","51,600","52,000","99,917","5,232,438,800"
"06/14,15:07","53,500","53,600","51,200","51,700","140,993","7,345,108,100"
"06/14,15:06","57,000","57,100","53,200","53,500","147,927","8,124,003,800"
"06/14,15:05","57,600","57,900","57,000","57,000","20,833","1,195,526,600"
"06/14,15:04","58,000","58,100","57,300","57,600","16,099","927,370,600"
"06/14,15:03","57,500","58,100","57,300","58,100","22,412","1,296,527,200"
"06/14,15:02","58,300","58,300","57,400","57,500","21,908","1,267,617,500"
"06/14,15:01","57,800","58,600","57,600","58,300","29,437","1,711,841,500"
"06/14,15:00","57,100","57,900","57,000","57,700","30,963","1,781,634,200"
"06/14,14:59","57,300","57,800","56,700","57,100","49,483","2,830,097,100"
"06/14,14:58","58,800","58,900","57,300","57,300","31,809","1,847,626,300"
"06/14,14:57","59,200","59,300","58,500","58,700","28,715","1,692,185,600"
"06/14,14:56","59,000","59,500","58,600","59,200","28,604","1,688,256,600"
"06/14,14:55","58,300","59,000","58,300","58,900","22,560","1,322,916,400"
"06/14,14:54","58,500","58,800","58,300","58,300","18,721","1,095,734,700"
"06/14,14:53","58,200","58,500","58,000","58,500","12,214","711,784,000"
"06/14,14:52","58,700","58,800","57,800","58,100","30,960","1,806,003,200"
"06/14,14:51","58,000","58,800","57,900","58,800","29,436","1,718,952,600"
"06/14,14:50","57,300","58,300","57,200","58,000","32,680","1,891,937,400"
"06/14,14:49","58,100","58,500","56,700","57,300","75,053","4,313,046,300"
"06/14,14:48","58,200","58,500","57,500","58,100","55,120","3,196,195,000"
"06/14,14:47","59,600","59,700","57,900","58,100","75,715","4,444,334,700"
"06/14,14:46","59,700","59,700","59,200","59,600","21,673","1,289,961,200"
"06/14,14:45","60,000","60,000","59,300","59,700","21,502","1,281,716,900"
"06/14,14:44","59,300","60,100","59,300","59,900","31,754","1,900,623,300"
"06/14,14:43","59,900","59,900","59,200","59,300","55,829","3,321,670,900"
"06/14,14:42","60,900","61,000","59,500","59,900","71,226","4,286,122,400"
"06/14,14:41","60,900","61,300","60,700","60,900","37,606","2,293,986,200"
"06/14,14:40","61,900","62,100","60,200","60,800","90,375","5,533,477,600"
"06/14,14:39","61,900","64,100","61,400","61,900","166,603","10,424,374,200"
"06/14,14:38","61,000","62,100","60,800","61,900","81,928","5,053,599,700"
"06/14,14:37","60,500","61,500","60,400","60,800","68,058","4,155,060,700"
"06/14,14:36","60,800","61,300","60,200","60,500","54,363","3,304,575,000"
"06/14,14:35","61,600","61,700","59,900","60,900","88,914","5,416,262,900"
"06/14,14:34","60,300","61,900","60,000","61,600","149,964","9,173,956,900"
"06/14,14:33","58,900","60,600","58,500","60,200","89,657","5,334,366,300"
"06/14,14:32","58,600","59,400","58,200","58,900","51,322","3,020,299,200"
"06/14,14:31","57,500","59,400","57,400","58,600","96,150","5,642,311,200"
"06/14,14:30","56,800","57,500","56,700","57,400","13,578","775,848,300"
"06/14,14:29","57,200","57,300","56,600","56,800","18,210","1,035,225,400"
"06/14,14:28","57,000","57,600","57,000","57,200","14,299","819,674,400"
"06/14,14:27","57,000","57,300","56,800","57,100","11,658","664,997,100"
"06/14,14:26","57,400","57,400","56,800","56,900","15,325","873,928,700"
"06/14,14:25","57,700","57,700","56,800","57,300","28,577","1,633,895,600"
"06/14,14:24","57,800","58,200","57,300","57,800","27,601","1,596,627,200"
"06/14,14:23","57,400","58,100","57,100","57,900","34,357","1,979,240,000"
"06/14,14:22","57,000","57,700","56,900","57,400","38,340","2,199,952,600"
"06/14,14:21","56,600","57,000","56,500","57,000","21,061","1,196,011,300"
"06/14,14:20","56,900","57,000","56,200","56,600","38,203","2,162,097,300"
"06/14,14:19","56,700","57,200","56,600","56,900","25,299","1,439,208,500"
"06/14,14:18","57,600","58,000","56,300","56,600","58,939","3,360,289,300"
"06/14,14:17","58,700","58,800","57,200","57,500","53,621","3,106,670,500"
"06/14,14:16","59,400","59,400","58,500","58,800","60,029","3,536,978,400"
"06/14,14:15","58,400","59,500","58,300","59,400","78,959","4,648,793,800"
"06/14,14:14","57,400","58,700","57,400","58,500","57,543","3,345,742,000"
"06/14,14:13","57,300","57,700","57,100","57,400","25,318","1,454,258,900"
"06/14,14:12","57,500","57,900","57,000","57,300","36,634","2,106,049,500"
"06/14,14:11","56,600","58,000","56,600","57,500","81,634","4,696,021,300"
"06/14,14:10","56,600","57,200","56,500","56,500","60,947","3,464,925,300"
"06/14,14:09","56,200","56,800","56,000","56,700","38,469","2,173,508,700"
"06/14,14:08","55,900","56,500","55,800","56,300","24,316","1,366,109,000"
"06/14,14:07","56,300","56,600","55,800","55,900","32,006","1,801,199,200"
"06/14,14:06","56,500","56,700","56,000","56,300","43,627","2,459,451,000"
"06/14,14:05","55,800","56,600","55,400","56,400","76,670","4,302,977,600"
"06/14,14:04","57,100","57,200","55,600","55,800","93,847","5,277,983,400"
"06/14,14:03","57,500","57,600","56,500","57,100","121,587","6,929,028,700"
"06/14,14:02","57,100","58,000","57,000","57,300","87,455","5,035,167,300"
"06/14,14:01","61,500","61,500","57,000","57,000","214,611","12,643,912,200"
"06/14,14:00","61,400","61,600","61,300","61,400","7,138","438,629,900"
"06/14,13:59","61,600","61,700","61,100","61,400","22,071","1,354,423,500"
"06/14,13:58","61,900","61,900","61,300","61,500","10,531","648,040,700"
"06/14,13:57","61,500","62,000","61,400","61,900","14,759","911,085,800"
"06/14,13:56","61,500","61,700","61,400","61,400","13,421","825,427,800"
"06/14,13:55","61,800","61,900","61,200","61,600","27,308","1,678,639,000"
"06/14,13:54","61,800","62,200","61,600","61,800","16,925","1,046,919,600"
"06/14,13:53","62,200","62,300","61,600","61,900","28,737","1,777,836,700"
"06/14,13:52","62,400","62,500","62,000","62,100","24,860","1,546,810,700"
"06/14,13:51","61,700","62,500","61,500","62,300","27,092","1,681,505,700"
"06/14,13:50","61,900","62,400","61,300","61,700","42,129","2,603,983,000"
"06/14,13:49","61,600","62,300","61,500","61,900","33,878","2,099,652,300"
"06/14,13:48","61,200","62,000","61,000","61,600","28,914","1,779,547,400"
"06/14,13:47","61,400","62,600","60,800","61,200","78,009","4,819,024,100"
"06/14,13:46","61,800","61,900","60,700","61,400","49,769","3,048,436,100"
"06/14,13:45","61,200","62,200","61,000","61,900","76,246","4,706,842,100"
"06/14,13:44","61,500","61,700","60,500","61,100","69,966","4,276,279,100"
"06/14,13:43","61,400","62,200","61,000","61,400","75,276","4,635,424,800"
"06/14,13:42","62,500","62,600","60,600","61,400","125,718","7,728,034,300"
"06/14,13:41","62,500","62,700","61,700","62,400","110,522","6,882,077,400"
"06/14,13:40","65,600","65,700","62,300","62,600","120,594","7,651,607,500"
"06/14,13:39","65,400","65,900","65,300","65,600","14,003","919,067,700"
"06/14,13:38","65,000","65,800","65,000","65,400","17,491","1,143,698,900"
"06/14,13:37","65,300","65,900","65,000","65,000","28,684","1,873,310,100"
"06/14,13:36","66,100","66,200","65,000","65,300","43,450","2,844,586,200"
"06/14,13:35","65,900","66,300","65,900","66,100","14,893","984,731,400"
"06/14,13:34","66,600","66,700","65,700","65,900","25,048","1,656,635,300"
"06/14,13:33","66,800","67,100","66,100","66,600","20,708","1,381,268,100"
"06/14,13:32","66,700","67,400","66,600","66,800","24,570","1,646,542,400"
"06/14,13:31","66,600","67,000","66,300","66,800","21,260","1,417,558,100"
"06/14,13:30","66,600","67,300","65,900","66,600","45,652","3,046,686,700"
"06/14,13:29","66,800","67,800","66,300","66,600","84,766","5,701,135,800"
"06/14,13:28","65,900","67,000","65,800","66,200","39,997","2,658,652,600"
"06/14,13:27","65,200","66,100","65,100","65,900","13,989","919,529,200"
"06/14,13:26","65,700","66,800","65,000","65,200","52,701","3,480,606,200"
"06/14,13:25","65,800","66,300","65,400","65,800","28,219","1,858,054,500"
"06/14,13:24","65,900","66,300","65,600","65,800","17,388","1,146,436,400"
"06/14,13:23","66,400","67,000","65,500","65,900","44,632","2,959,980,800"
"06/14,13:22","66,200","67,000","65,500","66,400","61,795","4,098,834,200"
"06/14,13:21","64,700","66,400","64,600","66,200","87,241","5,740,215,900"
"06/14,13:20","65,400","65,400","63,900","64,800","96,437","6,225,491,300"
"06/14,13:19","66,500","66,500","64,400","65,400","97,690","6,389,946,200"
"06/14,13:18","65,800","66,600","65,700","66,400","59,031","3,913,224,000"
"06/14,13:17","67,400","67,600","65,000","65,700","140,630","9,290,445,400"
"06/14,13:16","68,900","68,900","66,800","67,500","113,358","7,663,442,200"
"06/14,13:15","69,200","69,300","68,700","68,800","30,776","2,121,194,200"
"06/14,13:14","69,900","69,900","69,200","69,200","16,364","1,138,167,800"
"06/14,13:13","69,700","70,300","69,600","69,800","22,993","1,609,075,800"
"06/14,13:12","69,900","70,000","69,400","69,700","15,648","1,089,774,300"
"06/14,13:11","70,000","70,000","69,600","70,000","13,448","938,046,500"
"06/14,13:10","70,200","70,300","69,500","70,000","16,152","1,128,969,800"
"06/14,13:09","70,800","70,800","69,500","70,200","28,458","1,994,603,400"
"06/14,13:08","70,900","71,300","70,300","70,800","48,960","3,469,483,900"
"06/14,13:07","70,300","70,900","70,300","70,900","35,547","2,506,894,000"
"06/14,13:06","69,900","70,700","69,200","70,300","41,601","2,916,978,000"
"06/14,13:05","68,400","70,300","68,300","70,000","66,543","4,630,709,400"
"06/14,13:04","68,900","69,000","68,100","68,400","27,648","1,895,699,600"
"06/14,13:03","68,500","69,500","68,200","68,900","48,373","3,336,256,900"
"06/14,13:02","68,400","69,200","68,100","68,400","52,721","3,619,873,500"
"06/14,13:01","70,000","70,000","68,400","68,400","40,051","2,772,834,000"
"06/14,13:00","69,600","70,100","69,500","70,000","34,630","2,417,866,300"
"06/14,12:59","69,500","69,700","68,800","69,700","88,714","6,132,679,200"
"06/14,12:58","70,400","70,400","69,400","69,500","45,027","3,146,507,100"
"06/14,12:57","71,100","71,200","69,600","70,400","34,798","2,449,681,200"
"06/14,12:56","71,300","71,500","70,700","71,100","31,119","2,215,489,200"
"06/14,12:55","70,500","71,400","70,400","71,400","39,681","2,814,491,100"
"06/14,12:54","70,600","70,700","69,300","70,500","109,165","7,644,706,800"
"06/14,12:53","71,500","71,600","70,400","70,500","75,323","5,337,193,700"
"06/14,12:52","72,000","72,000","71,500","71,600","11,469","823,173,400"
"06/14,12:51","71,400","72,100","71,300","72,000","24,310","1,743,384,800"
"06/14,12:50","72,300","72,300","71,400","71,400","40,264","2,888,774,400"
"06/14,12:49","72,300","72,500","72,000","72,300","24,878","1,794,562,700"
"06/14,12:48","72,500","72,700","72,300","72,300","6,452","467,528,200"
"06/14,12:47","72,800","73,000","72,600","72,600","9,144","666,312,100"
"06/14,12:46","72,500","72,800","72,200","72,800","10,931","791,581,800"
"06/14,12:45","72,600","72,700","72,500","72,600","3,244","235,432,700"
"06/14,12:44","72,800","72,900","72,600","72,600","3,863","281,154,500"
"06/14,12:43","72,900","72,900","72,600","72,900","4,900","356,510,600"
"06/14,12:42","72,200","73,100","72,200","72,800","14,977","1,089,781,500"
"06/14,12:41","72,400","72,500","72,200","72,200","6,926","501,148,700"
"06/14,12:40","72,600","72,600","72,300","72,500","7,386","534,793,600"
"06/14,12:39","72,400","72,900","72,200","72,600","13,026","943,884,800"
"06/14,12:38","73,100","73,100","72,400","72,400","5,905","428,864,600"
"06/14,12:37","72,700","73,200","72,300","72,800","16,081","1,167,573,900"
"06/14,12:36","72,800","72,800","72,600","72,700","6,351","461,592,500"
"06/14,12:35","73,200","73,300","72,800","72,800","8,281","605,183,200"
"06/14,12:34","73,000","73,300","73,000","73,200","5,814","425,207,300"
"06/14,12:33","72,600","73,100","72,500","73,000","5,741","418,370,100"
"06/14,12:32","73,000","73,000","72,400","72,500","10,986","798,616,000"
"06/14,12:31","73,000","73,100","72,300","73,000","23,078","1,676,664,200"
"06/14,12:30","73,500","73,500","72,900","72,900","8,774","642,384,600"
"06/14,12:29","73,500","73,600","73,200","73,400","4,989","366,017,500"
"06/14,12:28","73,200","73,800","73,200","73,500","9,392","690,903,500"
"06/14,12:27","73,400","73,500","72,700","73,300","22,531","1,646,318,000"
"06/14,12:26","73,800","73,800","73,400","73,400","9,329","686,546,100"
"06/14,12:25","74,000","74,100","73,500","73,800","8,057","594,266,300"
"06/14,12:24","74,100","74,200","73,500","74,000","14,493","1,070,498,600"
"06/14,12:23","74,000","74,400","73,900","74,100","25,590","1,899,163,700"
"06/14,12:22","74,200","74,200","73,600","73,900","15,862","1,173,967,300"
"06/14,12:21","73,300","74,300","73,200","74,100","27,116","2,005,919,700"
"06/14,12:20","74,000","74,000","73,100","73,200","24,519","1,802,830,500"
"06/14,12:19","73,000","74,200","73,000","73,900","55,803","4,118,144,100"
"06/14,12:18","72,700","73,100","72,500","73,000","20,204","1,472,513,300"
"06/14,12:17","72,400","72,900","72,200","72,700","24,201","1,754,369,300"
"06/14,12:16","71,600","72,600","71,500","72,400","32,653","2,349,595,500"
"06/14,12:15","72,000","72,100","71,100","71,600","61,264","4,381,447,600"
"06/14,12:14","72,500","72,700","71,800","72,100","36,005","2,597,787,300"
"06/14,12:13","72,600","73,000","72,500","72,500","13,410","975,145,800"
"06/14,12:12","73,000","73,000","72,300","72,600","16,392","1,190,594,700"
"06/14,12:11","73,300","73,500","73,000","73,000","9,796","718,009,400"
"06/14,12:10","72,800","73,500","72,700","73,400","17,287","1,264,508,200"
"06/14,12:09","72,400","73,000","72,300","72,800","20,234","1,472,017,000"
"06/14,12:08","73,100","73,400","72,000","72,400","47,882","3,473,436,300"
"06/14,12:07","73,500","73,600","72,900","73,100","19,777","1,446,899,300"
"06/14,12:06","73,800","73,900","73,400","73,500","7,780","572,087,300"
"06/14,12:05","73,600","74,000","73,500","73,800","5,562","410,132,500"
"06/14,12:04","73,800","73,900","73,600","73,600","4,272","314,896,400"
"06/14,12:03","74,300","74,300","73,700","73,700","9,925","735,230,200"
"06/14,12:02","73,600","74,300","73,500","74,300","18,575","1,373,036,700"
"06/14,12:01","73,500","73,600","72,800","73,500","45,175","3,302,040,300"
"06/14,12:00","73,700","73,800","73,400","73,400","11,717","861,716,800"
"06/14,11:59","73,900","74,000","73,500","73,700","12,861","947,704,200"
"06/14,11:58","74,000","74,200","73,900","73,900","6,407","474,182,500"
"06/14,11:57","73,900","74,000","73,800","74,000","4,987","368,412,800"
"06/14,11:56","74,000","74,200","73,900","73,900","5,232","387,328,900"
"06/14,11:55","74,300","74,300","74,000","74,100","3,902","289,481,400"
"06/14,11:54","74,600","74,600","74,200","74,300","6,110","454,782,100"
"06/14,11:53","74,400","74,600","74,200","74,600","7,040","523,786,800"
"06/14,11:52","73,900","74,400","73,700","74,400","13,592","1,006,453,900"
"06/14,11:51","73,800","74,000","73,400","73,800","26,507","1,952,325,200"
"06/14,11:50","74,100","74,300","73,700","73,700","9,873","730,717,900"
"06/14,11:49","74,400","74,500","74,000","74,100","11,268","836,231,800"
"06/14,11:48","74,400","74,600","74,300","74,400","4,062","302,406,700"
"06/14,11:47","74,400","74,600","74,300","74,300","3,925","292,041,700"
"06/14,11:46","74,600","74,700","74,400","74,400","5,060","377,207,500"
"06/14,11:45","74,400","74,700","74,300","74,600","5,552","413,502,000"
"06/14,11:44","74,600","74,700","74,400","74,400","3,934","293,103,700"
"06/14,11:43","74,200","74,900","74,200","74,700","9,238","690,093,700"
"06/14,11:42","74,700","74,700","74,200","74,200","9,710","721,999,400"
"06/14,11:41","74,800","75,000","74,600","74,600","14,312","1,072,002,300"
"06/14,11:40","75,000","75,100","74,700","74,900","11,746","879,727,300"
"06/14,11:39","74,400","75,100","74,300","75,100","14,437","1,080,696,200"
"06/14,11:38","74,800","74,900","74,200","74,400","16,358","1,221,168,500"
"06/14,11:37","74,200","74,800","73,900","74,800","23,473","1,747,269,100"
"06/14,11:36","73,600","74,200","73,500","74,100","12,987","958,299,000"
"06/14,11:35","73,900","74,000","73,000","73,500","47,920","3,517,494,200"
"06/14,11:34","73,900","74,500","73,800","73,900","12,696","941,745,300"
"06/14,11:33","73,800","74,200","73,600","73,900","21,988","1,625,215,100"
"06/14,11:32","74,300","74,500","73,800","73,800","29,880","2,214,041,900"
"06/14,11:31","74,300","74,800","74,300","74,400","5,979","445,450,900"
"06/14,11:30","74,700","74,700","74,300","74,300","12,372","921,873,000"
"06/14,11:29","75,000","75,000","74,700","74,700","6,726","503,203,100"
"06/14,11:28","74,600","75,200","74,500","75,000","11,844","886,476,600"
"06/14,11:27","74,300","74,800","74,200","74,500","13,369","995,493,500"
"06/14,11:26","74,800","74,900","74,200","74,400","30,079","2,239,346,400"
"06/14,11:25","75,200","75,200","74,500","74,800","29,277","2,191,196,600"
"06/14,11:24","75,400","75,400","75,100","75,100","7,702","579,475,400"
"06/14,11:23","75,100","75,500","75,000","75,300","6,405","481,873,100"
"06/14,11:22","75,600","75,700","75,100","75,200","13,747","1,036,222,200"
"06/14,11:21","75,400","75,800","75,200","75,600","17,185","1,299,153,100"
"06/14,11:20","75,200","75,400","75,100","75,300","6,657","500,780,400"
"06/14,11:19","75,100","75,400","75,000","75,300","8,850","665,490,400"
"06/14,11:18","75,200","75,300","75,000","75,000","7,167","538,683,000"
"06/14,11:17","75,400","75,500","75,000","75,300","9,539","717,165,400"
"06/14,11:16","75,400","75,800","75,200","75,400","19,901","1,502,904,900"
"06/14,11:15","74,800","75,400","74,700","75,400","11,982","898,822,900"
"06/14,11:14","74,700","75,300","74,500","74,700","26,332","1,970,331,800"
"06/14,11:13","75,300","75,400","74,600","74,700","36,994","2,772,852,000"
"06/14,11:12","75,200","75,600","75,000","75,300","18,675","1,406,201,700"
"06/14,11:11","75,200","75,500","74,900","75,100","31,779","2,389,603,200"
"06/14,11:10","76,200","76,500","73,700","75,100","117,195","8,774,560,800"
"06/14,11:09","76,700","77,700","76,000","76,200","64,782","4,982,825,000"
"06/14,11:08","76,800","77,100","76,300","76,700","24,321","1,864,692,700"
"06/14,11:07","75,900","77,000","75,900","76,800","31,601","2,415,277,100"
"06/14,11:06","76,100","76,500","75,400","76,000","38,413","2,917,767,200"
"06/14,11:05","77,000","77,600","75,000","76,000","66,204","5,075,292,400"
"06/14,11:04","76,700","78,100","76,400","76,900","90,162","6,976,206,300"
"06/14,11:03","75,200","77,000","75,100","76,600","69,923","5,337,074,800"
"06/14,11:02","75,500","75,600","75,200","75,200","11,816","891,370,900"
"06/14,11:01","74,800","75,700","74,700","75,500","28,010","2,110,931,900"
"06/14,11:00","75,000","75,100","74,500","75,000","21,783","1,628,372,000"
"06/14,10:59","75,100","75,200","74,800","75,000","10,099","757,440,200"
"06/14,10:58","75,000","75,300","74,700","75,200","13,533","1,014,396,400"
"06/14,10:57","74,900","75,400","74,800","75,000","20,764","1,558,660,100"
"06/14,10:56","75,300","75,700","74,300","75,000","44,486","3,334,859,200"
"06/14,10:55","75,500","76,200","75,200","75,200","42,383","3,210,425,100"
"06/14,10:54","74,900","75,900","74,800","75,500","31,578","2,383,232,900"
"06/14,10:53","74,800","75,500","74,700","75,000","29,080","2,185,083,900"
"06/14,10:52","75,200","75,200","74,700","74,700","30,773","2,307,367,600"
"06/14,10:51","74,300","75,500","74,000","75,100","53,836","4,035,774,000"
"06/14,10:50","73,700","74,700","73,500","74,100","78,723","5,840,404,300"
"06/14,10:49","75,500","76,100","73,400","73,700","129,340","9,637,660,800"
"06/14,10:48","75,400","76,200","75,100","75,500","67,302","5,089,846,900"
"06/14,10:47","77,400","77,500","75,100","75,400","144,878","11,009,379,200"
"06/14,10:46","79,000","79,300","76,500","77,400","146,075","11,329,788,100"
"06/14,10:45","79,500","79,800","78,500","79,100","78,002","6,169,858,200"
"06/14,10:44","79,000","79,900","78,600","79,400","104,388","8,289,090,500"
"06/14,10:43","78,800","79,500","78,000","79,000","128,435","10,109,958,400"
"06/14,10:42","78,600","79,700","78,600","78,800","114,198","9,041,518,600"
"06/14,10:41","78,400","79,200","77,200","78,600","168,281","13,213,121,700"
"06/14,10:40","76,700","78,500","76,000","78,500","126,264","9,761,738,900"
"06/14,10:39","75,800","76,900","75,500","76,600","53,856","4,115,166,100"
"06/14,10:38","75,900","76,900","75,700","75,700","105,640","8,082,581,400"
"06/14,10:37","76,100","76,300","75,400","76,000","45,972","3,488,720,400"
"06/14,10:36","75,200","76,700","75,200","76,100","115,189","8,756,993,600"
"06/14,10:35","75,600","75,700","74,700","75,300","53,946","4,057,091,300"
"06/14,10:34","74,900","75,900","74,800","75,600","83,808","6,323,422,000"
"06/14,10:33","73,900","75,000","73,800","75,000","48,117","3,586,047,800"
"06/14,10:32","73,900","74,000","73,600","73,800","17,876","1,320,040,800"
"06/14,10:31","73,100","73,900","73,100","73,900","12,373","909,697,800"
"06/14,10:30","73,200","73,600","72,700","73,200","19,927","1,456,138,900"
"06/14,10:29","73,800","73,800","73,100","73,100","24,602","1,805,886,800"
"06/14,10:28","73,700","74,400","73,600","73,800","31,885","2,359,850,700"
"06/14,10:27","74,000","74,300","73,500","73,600","38,372","2,840,457,900"
"06/14,10:26","73,400","74,200","73,100","74,000","42,811","3,156,381,500"
"06/14,10:25","72,700","73,700","72,700","73,400","37,382","2,743,569,400"
"06/14,10:24","72,500","73,200","72,400","72,800","36,277","2,646,515,900"
"06/14,10:23","72,600","72,700","72,400","72,400","8,392","608,135,400"
"06/14,10:22","72,300","72,800","72,100","72,600","16,177","1,172,879,000"
"06/14,10:21","73,000","73,100","72,300","72,300","16,636","1,210,872,000"
"06/14,10:20","72,200","73,200","72,000","72,900","22,385","1,626,853,900"
"06/14,10:19","72,700","73,300","72,200","72,300","37,190","2,709,408,700"
"06/14,10:18","73,000","73,100","72,000","72,600","33,622","2,446,639,300"
"06/14,10:17","71,800","73,100","71,600","73,000","53,883","3,907,381,900"
"06/14,10:16","71,100","72,000","70,300","71,800","99,310","7,055,863,500"
"06/14,10:15","72,400","73,100","71,000","71,000","56,249","4,054,839,300"
"06/14,10:14","72,800","73,500","72,400","72,500","56,093","4,097,114,400"
"06/14,10:13","73,100","73,400","71,800","72,800","108,626","7,878,995,000"
"06/14,10:12","73,900","74,200","73,000","73,000","51,281","3,775,233,900"
"06/14,10:11","74,400","74,500","73,700","73,900","30,806","2,281,756,300"
"06/14,10:10","75,000","75,000","74,300","74,300","17,789","1,327,406,500"
"06/14,10:09","74,300","75,000","74,300","74,900","14,864","1,110,371,300"
"06/14,10:08","74,200","74,600","73,700","74,300","32,852","2,436,110,500"
"06/14,10:07","74,600","74,700","74,200","74,200","12,818","952,956,700"
"06/14,10:06","74,900","74,900","74,200","74,600","15,550","1,158,844,200"
"06/14,10:05","74,700","75,200","74,600","74,800","26,594","1,991,501,200"
"06/14,10:04","73,800","74,800","73,700","74,700","29,871","2,220,581,300"
"06/14,10:03","74,800","74,800","73,400","73,800","67,139","4,966,943,000"
"06/14,10:02","74,800","75,300","74,700","74,800","17,300","1,297,369,300"
"06/14,10:01","74,800","75,300","74,400","75,000","49,088","3,666,940,900"
"06/14,10:00","75,400","75,600","74,800","74,900","37,643","2,829,633,500"
"06/14,09:59","75,700","75,700","75,200","75,400","13,590","1,024,913,300"
"06/14,09:58","75,300","75,700","75,300","75,700","10,787","814,935,200"
"06/14,09:57","75,800","75,900","75,200","75,300","19,065","1,439,548,100"
"06/14,09:56","76,000","76,000","75,600","75,900","12,660","960,441,600"
"06/14,09:55","75,400","76,000","75,400","76,000","25,603","1,938,550,200"
"06/14,09:54","75,300","75,500","75,000","75,500","20,712","1,557,626,700"
"06/14,09:53","75,600","75,700","75,100","75,300","15,425","1,161,877,200"
"06/14,09:52","75,700","75,800","75,100","75,700","17,264","1,302,972,400"
"06/14,09:51","76,100","76,100","74,700","75,700","51,995","3,915,198,000"
"06/14,09:50","76,100","76,200","75,500","76,100","27,076","2,051,509,700"
"06/14,09:49","75,800","76,500","75,800","76,100","22,481","1,713,005,600"
"06/14,09:48","76,400","76,400","75,500","75,800","46,415","3,525,419,800"
"06/14,09:47","76,900","76,900","75,900","76,400","54,594","4,171,013,500"
"06/14,09:46","76,300","77,200","76,200","76,800","111,453","8,565,154,300"
"06/14,09:45","75,900","76,800","75,400","76,200","119,776","9,127,044,400"
"06/14,09:44","75,300","76,000","75,200","75,900","35,290","2,670,790,500"
"06/14,09:43","75,100","75,600","75,000","75,300","17,298","1,303,671,400"
"06/14,09:42","75,900","75,900","75,000","75,100","29,815","2,249,586,000"
"06/14,09:41","74,900","75,900","74,700","75,900","35,123","2,649,383,900"
"06/14,09:40","75,400","75,500","74,400","74,800","34,811","2,610,880,000"
"06/14,09:39","75,800","75,800","75,300","75,500","22,754","1,718,594,900"
"06/14,09:38","76,000","76,000","75,400","75,700","43,723","3,312,143,400"
"06/14,09:37","74,600","76,000","74,500","75,900","49,781","3,757,579,300"
"06/14,09:36","75,300","75,300","73,800","74,500","49,176","3,663,691,500"
"06/14,09:35","75,500","75,500","75,000","75,300","31,480","2,368,569,800"
"06/14,09:34","74,900","76,000","74,800","75,500","58,965","4,460,155,100"
"06/14,09:33","74,400","75,800","74,300","74,700","80,542","6,073,804,800"
"06/14,09:32","73,300","75,200","73,200","74,400","105,792","7,885,182,900"
"06/14,09:31","74,000","74,000","71,700","73,300","143,778","10,446,210,400"
"06/14,09:30","75,200","75,400","73,500","73,900","78,014","5,799,220,600"
"06/14,09:29","74,400","75,400","73,600","75,200","94,461","7,053,799,700"
"06/14,09:28","76,500","76,500","73,600","74,500","156,856","11,773,929,200"
"06/14,09:27","76,700","77,000","76,000","76,400","74,122","5,675,227,100"
"06/14,09:26","76,900","77,000","76,200","76,700","47,651","3,651,297,500"
"06/14,09:25","76,400","77,000","76,000","76,800","54,013","4,128,189,500"
"06/14,09:24","77,100","77,900","75,600","76,400","127,989","9,825,629,800"
"06/14,09:23","76,600","77,700","76,600","77,000","94,769","7,321,478,900"
"06/14,09:22","76,900","77,000","76,000","76,600","89,267","6,822,155,400"
"06/14,09:21","76,600","77,500","76,300","77,000","99,224","7,636,290,400"
"06/14,09:20","75,000","77,000","75,000","76,600","108,002","8,263,648,200"
"06/14,09:19","80,700","80,800","73,100","75,100","397,263","30,414,562,000"
"06/14,09:18","78,700","82,200","78,600","80,700","304,939","24,492,811,400"
"06/14,09:17","77,400","79,400","77,300","78,600","123,611","9,719,395,300"
"06/14,09:16","78,100","79,100","77,000","77,400","162,814","12,730,994,800"
"06/14,09:15","79,300","79,400","76,400","78,100","219,182","17,062,287,600"
"06/14,09:14","79,400","80,000","78,500","79,300","255,181","20,252,252,500"
"06/14,09:13","77,900","79,800","77,200","79,400","305,256","24,035,309,200"
"06/14,09:12","72,200","78,100","72,000","78,000","520,920","39,624,274,000"
"06/14,09:11","71,500","72,400","71,100","72,200","125,055","8,988,314,700"
"06/14,09:10","71,800","72,100","70,400","71,500","139,159","9,909,499,400"
"06/14,09:09","72,000","72,100","71,000","71,900","99,884","7,154,140,800"
"06/14,09:08","72,400","72,700","71,300","71,900","134,054","9,644,361,900"
"06/14,09:07","70,400","73,000","70,200","72,400","322,243","23,246,700,400"
"06/14,09:06","71,400","71,500","69,700","70,300","187,640","13,174,517,200"
"06/14,09:05","72,300","72,400","69,800","71,400","255,210","18,063,968,800"
"06/14,09:04","72,000","73,300","70,800","72,300","243,635","17,578,750,500"
"06/14,09:03","71,800","73,000","69,500","72,000","359,043","25,477,589,100"
"06/14,09:02","70,200","73,000","68,400","71,600","448,488","31,944,238,400"
"06/14,09:01","68,700","73,300","68,200","70,000","834,603","59,117,206,000"
"06/14,09:00","60,600","69,000","60,600","68,700","1,379,848","86,499,159,900"
